{
 "triage-l1": {
  "health": 8.0,
  "llu": 8.0,
  "mcf00": 8.00000392,
  "gcc06-166": 8.000001119999999,
  "gcc06-g23": 7.9999968,
  "mcf06": 7.999999119999999,
  "treeadd": 8.0,
  "tsp": 8.0
 },
 "cmc": {
  "health": 2.5,
  "llu": 2.0,
  "mcf00": 1.2686570799999999,
  "gcc06-166": 1.0137826600000002,
  "gcc06-g23": 1.2419764,
  "mcf06": 1.9970718699999999,
  "treeadd": 1.0,
  "tsp": 3.5
 }
}