{
 "no": {
  "health_5-500-1": 7305226.927967221,
  "listinsert_32pad0-192k": 74117778.37533681,
  "listinsert_32pad3-192k": 178204135.25354728,
  "llu_32pad0-192k": 49341491.86636997,
  "llu_32pad3-192k": 151008832.69464433,
  "mcf00": 45620457.77333294,
  "gcc_166": 3130547.3315231428,
  "gcc_g23": 4741582.060469981,
  "mcf06": 52554824.699130304,
  "treeadd_18-1": 14065726.582746021,
  "tsp_128000-1": 2449041.92721972
 },
 "misb-l2": {
  "health_5-500-1": 26493306.90154772,
  "listinsert_32pad0-192k": 113115915.54138821,
  "listinsert_32pad3-192k": 256602534.4399717,
  "llu_32pad0-192k": 71601664.29190218,
  "llu_32pad3-192k": 193057183.51401475,
  "mcf00": 59341176.32977237,
  "gcc_166": 7187318.089811183,
  "gcc_g23": 8543113.985069938,
  "mcf06": 68778568.97412924,
  "treeadd_18-1": 34835639.207317024,
  "tsp_128000-1": 3427347.22211952
 },
 "triage-l2": {
  "health_5-500-1": 20478879.9346966,
  "listinsert_32pad0-192k": 176963282.0914132,
  "listinsert_32pad3-192k": 562514552.467807,
  "llu_32pad0-192k": 107650007.461882,
  "llu_32pad3-192k": 246823585.38402995,
  "mcf00": 54442118.711360425,
  "gcc_166": 3821533.4622392883,
  "gcc_g23": 6324113.352741293,
  "mcf06": 72843130.36390021,
  "treeadd_18-1": 35530176.96685602,
  "tsp_128000-1": 2553155.36467672
 },
 "triangel-l2": {
  "health_5-500-1": 21106424.55856512,
  "listinsert_32pad0-192k": 74138700.4334077,
  "listinsert_32pad3-192k": 263929102.40216157,
  "llu_32pad0-192k": 49349409.22922565,
  "llu_32pad3-192k": 178296592.79032138,
  "mcf00": 54329152.17029558,
  "gcc_166": 3865189.148481377,
  "gcc_g23": 6244030.18747629,
  "mcf06": 57590397.92858915,
  "treeadd_18-1": 17253352.87107002,
  "tsp_128000-1": 2520343.0375712197
 },
 "cmc": {
  "health_5-500-1": 10778524.933996521,
  "listinsert_32pad0-192k": 77847682.8948622,
  "listinsert_32pad3-192k": 181729766.5045983,
  "llu_32pad0-192k": 53243188.97205065,
  "llu_32pad3-192k": 150210140.3245865,
  "mcf00": 49655138.54312894,
  "gcc_166": 3799434.5350253526,
  "gcc_g23": 5544387.666226098,
  "mcf06": 53321276.805619225,
  "treeadd_18-1": 16793029.40029382,
  "tsp_128000-1": 4004796.41851152
 }
}