{
 "isb-metadata-conflict": {
  "health_5-500-1": 0.665225677977634,
  "listinsert_32pad0-192k": 0.08183825739044531,
  "listinsert_32pad3-192k": 0.049473703850107194,
  "llu_32pad0-192k": 0.22727527453827825,
  "llu_32pad3-192k": 0.13308042039455498,
  "mcf00": 0.4308939805066056,
  "gcc_166": 0.6307654518634442,
  "gcc_g23": 0.66044457854497,
  "mcf06": 0.5555468299499531,
  "treeadd_18-1": 0.4841571081553363,
  "tsp_128000-1": 0.9019033620060646
 },
 "misb-metadata-conflict": {
  "health_5-500-1": 0.847509183588702,
  "listinsert_32pad0-192k": 0.7307683784896475,
  "listinsert_32pad3-192k": 0.809718394090572,
  "llu_32pad0-192k": 0.5691075644909969,
  "llu_32pad3-192k": 0.7271176717611,
  "mcf00": 0.6368677045476837,
  "gcc_166": 0.6554794333272685,
  "gcc_g23": 0.705389848525987,
  "mcf06": 0.6646248104321831,
  "treeadd_18-1": 0.502186100275656,
  "tsp_128000-1": 0.9094009032491349
 },
 "triage-l1-metadata-conflict": {
  "health_5-500-1": 0.1648196936680856,
  "listinsert_32pad0-192k": 0.4810974022631944,
  "listinsert_32pad3-192k": 0.4095872785539522,
  "llu_32pad0-192k": 0.9940023654863407,
  "llu_32pad3-192k": 0.6453213250671462,
  "mcf00": 0.5574822754323434,
  "gcc_166": 0.40538412720102945,
  "gcc_g23": 0.4000409016869727,
  "mcf06": 0.7982899966116006,
  "treeadd_18-1": 0.9772950085414442,
  "tsp_128000-1": 0.5524279407945988
 },
 "triangel-metadata-conflict": {
  "health_5-500-1": 0.19922661989897994,
  "listinsert_32pad0-192k": 0.2758551070240866,
  "listinsert_32pad3-192k": 0.2618916799477776,
  "llu_32pad0-192k": 0,
  "llu_32pad3-192k": 0.5957565697062488,
  "mcf00": 0.2024189244094966,
  "gcc_166": 0.2963953237353302,
  "gcc_g23": 0.24811854021673538,
  "mcf06": 0.32102156609910887,
  "treeadd_18-1": 0.1669950132744765,
  "tsp_128000-1": 0.36955013021566346
 },
 "cmc-metadata-conflict": {
  "health_5-500-1": 0.00968596728424314,
  "listinsert_32pad0-192k": 3.607691173146893e-05,
  "listinsert_32pad3-192k": 3.279121246760339e-05,
  "llu_32pad0-192k": 0.010047616741131941,
  "llu_32pad3-192k": 0.009363134091585085,
  "mcf00": 0.015332379362656273,
  "gcc_166": 0.06438297603385783,
  "gcc_g23": 0.03312275043916515,
  "mcf06": 0.08990347306878275,
  "treeadd_18-1": 0.2691773236159101,
  "tsp_128000-1": 0.38610368480864665
 }
}