{
 "triage-l1": {
  "health_5-500-1": 86676,
  "listinsert_32pad0-192k": 96141,
  "listinsert_32pad3-192k": 167997,
  "llu_32pad0-192k": 77544.93531543,
  "llu_32pad3-192k": 135256.18689518,
  "mcf00": 290361.60231488995,
  "gcc_166": 53015.74166793001,
  "gcc_g23": 124301.03453555002,
  "mcf06": 1380610.68909467,
  "treeadd_18-1": 98304,
  "tsp_128000-1": 126221
 },
 "triangel": {
  "health_5-500-1": 86085,
  "listinsert_32pad0-192k": 73427,
  "listinsert_32pad3-192k": 161498,
  "llu_32pad0-192k": 0.0,
  "llu_32pad3-192k": 134680.55822073,
  "mcf00": 115422.17911782,
  "gcc_166": 65371.21760787,
  "gcc_g23": 192046.72489388997,
  "mcf06": 392137.58030265,
  "treeadd_18-1": 6,
  "tsp_128000-1": 131096
 },
 "cmc": {
  "health_5-500-1": 76343,
  "listinsert_32pad0-192k": 191076,
  "listinsert_32pad3-192k": 191341,
  "llu_32pad0-192k": 154460.12463392998,
  "llu_32pad3-192k": 154464.66737214,
  "mcf00": 48057.926333530006,
  "gcc_166": 7846.011135079999,
  "gcc_g23": 14414.54634618,
  "mcf06": 80233.64938126999,
  "treeadd_18-1": 196158,
  "tsp_128000-1": 126997
 }
}