{
 "base": {
  "health": 1,
  "llu": 1,
  "mcf00": 1,
  "gcc_166": 1,
  "gcc_g23": 1,
  "mcf06": 1,
  "treeadd": 1,
  "tsp": 1
 },
 "cmc-domino": {
  "health": 2.268214204333834,
  "llu": 2.4344920724677817,
  "mcf00": 1.4272740935891053,
  "gcc_166": 1.2320306791017568,
  "gcc_g23": 1.2690767197329411,
  "mcf06": 1.2821671779170043,
  "treeadd": 1.0001898451812548,
  "tsp": 1.114092061645861
 },
 "cmc-isb": {
  "health": 2.102500964397309,
  "llu": 2.113408999988957,
  "mcf00": 1.4402830966859987,
  "gcc_166": 1.0636777098375023,
  "gcc_g23": 1.05748453552149,
  "mcf06": 1.3050187096041053,
  "treeadd": 1.0002278336816643,
  "tsp": 1.0620605833040564
 },
 "cmc-misb": {
  "health": 1.4891113881767006,
  "llu": 1.5973161822183342,
  "mcf00": 1.0804871235733449,
  "gcc_166": 0.992907963767339,
  "gcc_g23": 1.0061008129238596,
  "mcf06": 1.082820748705958,
  "treeadd": 1.000237329049775,
  "tsp": 1.0454749418224487
 },
 "cmc-triage": {
  "health": 2.2925684818904393,
  "llu": 2.5104977452612074,
  "mcf00": 1.4599571252942698,
  "gcc_166": 1.1254043786408476,
  "gcc_g23": 1.1512200138720854,
  "mcf06": 1.2796880738436265,
  "treeadd": 1.000460706901355,
  "tsp": 1.0798163808964076
 }
}