{
 "cmc-cfg0-metadata-conflict": {
  "health_5-500-1": 0.7570423501904762,
  "listinsert_32pad0-192k": 0.9883004567346085,
  "listinsert_32pad3-192k": 0.6668607751328682,
  "llu_32pad0-192k": 0.8492620916697535,
  "llu_32pad3-192k": 0.5996247207764477,
  "mcf00": 0.7268412017438914,
  "gcc_166": 0.8680383077207405,
  "gcc_g23": 0.9343710235948005,
  "mcf06": 0.8361874959065917,
  "treeadd_18-1": 0.9562964257679496,
  "tsp_128000-1": 0.7205396754975282
 },
 "cmc-cfg1-metadata-conflict": {
  "health_5-500-1": 0.15932878805798906,
  "listinsert_32pad0-192k": 0.501283723090766,
  "listinsert_32pad3-192k": 0.133423587588282,
  "llu_32pad0-192k": 0.4488026400671318,
  "llu_32pad3-192k": 0.35657364025829175,
  "mcf00": 0.40737966549486404,
  "gcc_166": 0.7569985872507622,
  "gcc_g23": 0.8640322371912563,
  "mcf06": 0.830374198688444,
  "treeadd_18-1": 0.6220675030705696,
  "tsp_128000-1": 0.7690832401922288
 },
 "cmc-cfg2-metadata-conflict": {
  "health_5-500-1": 0.02302977411243549,
  "listinsert_32pad0-192k": 0.39004639748169206,
  "listinsert_32pad3-192k": 0.08756218870835059,
  "llu_32pad0-192k": 0.7822125277815785,
  "llu_32pad3-192k": 0.41240206325214335,
  "mcf00": 0.4915360682626304,
  "gcc_166": 0.11384873512804548,
  "gcc_g23": 0.08881950264525404,
  "mcf06": 0.5974462971203013,
  "treeadd_18-1": 0.8808666528524446,
  "tsp_128000-1": 0.4018224710979768
 },
 "cmc-metadata-conflict": {
  "health_5-500-1": 0.00968596728424314,
  "listinsert_32pad0-192k": 3.607691173146893e-05,
  "listinsert_32pad3-192k": 3.279121246760339e-05,
  "llu_32pad0-192k": 0.010047616741131941,
  "llu_32pad3-192k": 0.009363134091585085,
  "mcf00": 0.015332379362656273,
  "gcc_166": 0.06438297603385783,
  "gcc_g23": 0.03312275043916515,
  "mcf06": 0.08990347306878275,
  "treeadd_18-1": 0.2691773236159101,
  "tsp_128000-1": 0.38610368480864665
 }
}