{
 "cmc-cfg0-metadata-storage": {
  "listinsert_32pad0-192k": 191221,
  "listinsert_32pad3-192k": 335235,
  "llu_32pad0-192k": 154788.38655389,
  "llu_32pad3-192k": 270546.4735426,
  "mcf00": 800937.46920614,
  "gcc_166": 108910.38963447,
  "gcc_g23": 299041.35976424,
  "mcf06": 5610708.74147449,
  "treeadd_18-1": 196464,
  "tsp_128000-1": 258751
 },
 "cmc-cfg1-metadata-storage": {
  "listinsert_32pad0-192k": 191690,
  "listinsert_32pad3-192k": 335248,
  "llu_32pad0-192k": 154799.1101282,
  "llu_32pad3-192k": 270533.64559358,
  "mcf00": 891393.54982396,
  "gcc_166": 92725.54688811998,
  "gcc_g23": 252435.80052594005,
  "mcf06": 5632178.713327549,
  "treeadd_18-1": 158420,
  "tsp_128000-1": 190423
 },
 "cmc-cfg2-metadata-storage": {
  "listinsert_32pad0-192k": 191147,
  "listinsert_32pad3-192k": 191362,
  "llu_32pad0-192k": 154481.01257224,
  "llu_32pad3-192k": 154469.90490311,
  "mcf00": 55048.910659,
  "gcc_166": 8241.6305555,
  "gcc_g23": 14699.513229319999,
  "mcf06": 131988.34773413,
  "treeadd_18-1": 196292,
  "tsp_128000-1": 185291
 },
 "cmc-metadata-storage": {
  "listinsert_32pad0-192k": 191076,
  "listinsert_32pad3-192k": 191341,
  "llu_32pad0-192k": 154460.12463392998,
  "llu_32pad3-192k": 154464.66737214,
  "mcf00": 48057.926333530006,
  "gcc_166": 7846.011135079999,
  "gcc_g23": 14414.54634618,
  "mcf06": 80233.64938126999,
  "treeadd_18-1": 196158,
  "tsp_128000-1": 126997
 }
}