{
 "stride-l1": {
  "health_5-500-1": 0.39189,
  "listinsert_32pad0-192k": 0.047396,
  "listinsert_32pad3-192k": 0.0320533,
  "llu_32pad0-192k": 0.05482952384852444,
  "llu_32pad3-192k": 0.026447504651929483,
  "mcf00": 0.26921710851197783,
  "gcc_166": 0.903751389783396,
  "gcc_g23": 0.7956208747709584,
  "mcf06": 0.27085261239719255,
  "treeadd_18-1": 0.201072,
  "tsp_128000-1": 1.11675
 },
 "cmc-cfg0": {
  "health_5-500-1": 0.544319,
  "listinsert_32pad0-192k": 0.047365,
  "listinsert_32pad3-192k": 0.0502387,
  "llu_32pad0-192k": 0.08864937637269336,
  "llu_32pad3-192k": 0.08044894178973123,
  "mcf00": 0.2883024469741136,
  "gcc_166": 1.0470281188967503,
  "gcc_g23": 0.8707165634008062,
  "mcf06": 0.22216299351334828,
  "treeadd_18-1": 0.21726299999999998,
  "tsp_128000-1": 1.08458
 },
 "cmc-cfg1": {
  "health_5-500-1": 0.702271,
  "listinsert_32pad0-192k": 0.0465264,
  "listinsert_32pad3-192k": 0.0638953,
  "llu_32pad0-192k": 0.1399563687110739,
  "llu_32pad3-192k": 0.07561358444057309,
  "mcf00": 0.2702066437441857,
  "gcc_166": 1.0823411026884213,
  "gcc_g23": 0.8949179926909939,
  "mcf06": 0.20341246906841537,
  "treeadd_18-1": 0.233423,
  "tsp_128000-1": 1.03853
 },
 "cmc-cfg2": {
  "health_5-500-1": 1.02432,
  "listinsert_32pad0-192k": 0.0897576,
  "listinsert_32pad3-192k": 0.126745,
  "llu_32pad0-192k": 0.09498502043352584,
  "llu_32pad3-192k": 0.09465254065991016,
  "mcf00": 0.38078215109639857,
  "gcc_166": 1.0220350107508704,
  "gcc_g23": 0.9264123759605664,
  "mcf06": 0.32654896040358544,
  "treeadd_18-1": 0.225659,
  "tsp_128000-1": 1.2303
 },
 "cmc": {
  "health_5-500-1": 1.02298,
  "listinsert_32pad0-192k": 0.216558,
  "listinsert_32pad3-192k": 0.165163,
  "llu_32pad0-192k": 0.20340129240923704,
  "llu_32pad3-192k": 0.12058501728487946,
  "mcf00": 0.43638044799513453,
  "gcc_166": 1.0364334145060439,
  "gcc_g23": 0.9394439132388513,
  "mcf06": 0.3602258269271691,
  "treeadd_18-1": 0.399598,
  "tsp_128000-1": 1.24281
 }
}