{
 "triage-l2": {
  "spec06_astar_lakes": 1.5522502919987,
  "spec06_gcc_166": 1.4676096501439002,
  "spec06_gcc_200": 1.663481541358,
  "spec06_gcc_c-typeck": 1.49813193127795,
  "spec06_gcc_cp-decl": 1.2307296091583002,
  "spec06_gcc_expr2": 2.16879895687019,
  "spec06_gcc_expr": 1.86039314647728,
  "spec06_gcc_g23": 2.6501493258890405,
  "spec06_gcc_s04": 1.5744383720098598,
  "spec06_gcc_scilab": 1.28969510938198,
  "spec06_mcf_ref": 5.04048710948553,
  "spec06_omnetpp_ref": 5.44285080085338,
  "spec06_perlbench_diffmail": 1.0240990154402,
  "spec06_soplex_pds": 3.3606083211174003,
  "spec06_xalancbmk_ref": 1.367091653183,
  "spec17_cactuBSSN_ref": 2.34574431545433,
  "spec17_gcc_pp-O2": 1.2282996922538996,
  "spec17_gcc_pp-O3": 1.1660596298538,
  "spec17_gcc_ref32-O3": 3.0112810293390004,
  "spec17_gcc_ref32-O5": 3.7589941083932006,
  "spec17_gcc_smaller": 1.2382945835063897,
  "spec17_mcf_ref": 2.8103951779466003,
  "spec17_omnetpp_ref": 5.151259823887041,
  "spec17_roms_ref": 2.4848093341130797,
  "spec17_wrf_ref": 2.0379153301021002,
  "spec17_xalancbmk_ref": 1.6193294270663796
 },
 "triangel-l2": {
  "spec06_astar_lakes": 0.2292951419603,
  "spec06_gcc_166": 0.9628962860243199,
  "spec06_gcc_200": 0.52144283507972,
  "spec06_gcc_c-typeck": 0.5955852299274,
  "spec06_gcc_cp-decl": 0.6927283060292001,
  "spec06_gcc_expr2": 1.4973953137636,
  "spec06_gcc_expr": 0.7601760435497201,
  "spec06_gcc_g23": 1.6578135069418998,
  "spec06_gcc_s04": 1.0581994924556999,
  "spec06_gcc_scilab": 0.5733831551145,
  "spec06_mcf_ref": 2.438838768436445,
  "spec06_omnetpp_ref": 3.36676307607558,
  "spec06_perlbench_diffmail": 0.44646677119949996,
  "spec06_soplex_pds": 2.11294042742732,
  "spec06_xalancbmk_ref": 1.9266957130256301,
  "spec17_cactuBSSN_ref": 1.3739450948640741,
  "spec17_gcc_pp-O2": 0.59386599420706,
  "spec17_gcc_pp-O3": 0.329761491558888,
  "spec17_gcc_ref32-O3": 1.7036387555334398,
  "spec17_gcc_ref32-O5": 1.4160231943166002,
  "spec17_gcc_smaller": 0.409884075383045,
  "spec17_mcf_ref": 0.15303099529821002,
  "spec17_omnetpp_ref": 1.6157100354184548,
  "spec17_roms_ref": 0.9147693354737,
  "spec17_wrf_ref": 0.70068161606712,
  "spec17_xalancbmk_ref": 2.1587051110571003
 },
 "catp-l2": {
  "spec06_astar_lakes": 2.12243151958612,
  "spec06_gcc_166": 1.84331788596428,
  "spec06_gcc_200": 2.16047440741375,
  "spec06_gcc_c-typeck": 2.29123117521827,
  "spec06_gcc_cp-decl": 1.76869718112311,
  "spec06_gcc_expr2": 2.3382294582267398,
  "spec06_gcc_expr": 2.04089106374341,
  "spec06_gcc_g23": 1.6426764970818502,
  "spec06_gcc_s04": 1.9571695285501802,
  "spec06_gcc_scilab": 1.50662014254638,
  "spec06_mcf_ref": 3.6195571829643107,
  "spec06_omnetpp_ref": 6.958013544198509,
  "spec06_perlbench_diffmail": 0.86312072871661,
  "spec06_soplex_pds": 4.76463831735382,
  "spec06_xalancbmk_ref": 2.35596335218135,
  "spec17_cactuBSSN_ref": 1.4984742668897049,
  "spec17_gcc_pp-O2": 1.9232819100997196,
  "spec17_gcc_pp-O3": 1.8921196570246905,
  "spec17_gcc_ref32-O3": 2.81184494748112,
  "spec17_gcc_ref32-O5": 3.53310017873925,
  "spec17_gcc_smaller": 1.9795357555701096,
  "spec17_mcf_ref": 2.80059988659094,
  "spec17_omnetpp_ref": 3.9532123255439906,
  "spec17_roms_ref": 2.4353332842529603,
  "spec17_wrf_ref": 2.0057679484596,
  "spec17_xalancbmk_ref": 2.2592626703975
 }
}