{
 "stride-l1": {
  "spec06_astar_lakes": 0.4988362897426068,
  "spec06_gcc_166": 0.918263144570401,
  "spec06_gcc_200": 1.1686069173171292,
  "spec06_gcc_c-typeck": 1.2473877635582775,
  "spec06_gcc_cp-decl": 1.4478445417481196,
  "spec06_gcc_expr2": 1.1474930505018688,
  "spec06_gcc_expr": 1.2814917275095952,
  "spec06_gcc_g23": 0.8001758350357138,
  "spec06_gcc_s04": 1.0462843179045884,
  "spec06_gcc_scilab": 1.1643169637888067,
  "spec06_mcf_ref": 0.27115816564864376,
  "spec06_omnetpp_ref": 0.6400878859974505,
  "spec06_perlbench_diffmail": 2.1489027434832457,
  "spec06_soplex_pds": 0.6513961739872495,
  "spec06_xalancbmk_ref": 1.0363756197925733,
  "spec17_cactuBSSN_ref": 1.9614371129087516,
  "spec17_gcc_pp-O2": 1.1522635840004374,
  "spec17_gcc_pp-O3": 1.1712656086749762,
  "spec17_gcc_ref32-O3": 0.8731443610745295,
  "spec17_gcc_ref32-O5": 0.7452709656432882,
  "spec17_gcc_smaller": 1.1584243604756872,
  "spec17_mcf_ref": 0.8004259687552421,
  "spec17_omnetpp_ref": 0.8465735132482448,
  "spec17_roms_ref": 2.017586563088043,
  "spec17_wrf_ref": 2.1694049326689617,
  "spec17_xalancbmk_ref": 0.851695165754397
 },
 "berti": {
  "spec06_astar_lakes": 0.5103875035536114,
  "spec06_gcc_166": 1.042088577680769,
  "spec06_gcc_200": 1.1837754809648973,
  "spec06_gcc_c-typeck": 1.2925167849939143,
  "spec06_gcc_cp-decl": 1.4567859364568152,
  "spec06_gcc_expr2": 1.2598663078088665,
  "spec06_gcc_expr": 1.3495772134278836,
  "spec06_gcc_g23": 1.149244604845542,
  "spec06_gcc_s04": 1.19781319400857,
  "spec06_gcc_scilab": 1.1694409841252313,
  "spec06_mcf_ref": 0.207401478042474,
  "spec06_omnetpp_ref": 0.6442684572364851,
  "spec06_perlbench_diffmail": 2.155031279539341,
  "spec06_soplex_pds": 0.7463079690967371,
  "spec06_xalancbmk_ref": 1.1872834832560215,
  "spec17_cactuBSSN_ref": 1.9868868010033147,
  "spec17_gcc_pp-O2": 1.168953221703733,
  "spec17_gcc_pp-O3": 1.1793297739110717,
  "spec17_gcc_ref32-O3": 0.9791624970836719,
  "spec17_gcc_ref32-O5": 0.8925103498754541,
  "spec17_gcc_smaller": 1.1810875335092694,
  "spec17_mcf_ref": 0.7951483583627809,
  "spec17_omnetpp_ref": 0.850643711040889,
  "spec17_roms_ref": 2.522617068297144,
  "spec17_wrf_ref": 2.6639955468222727,
  "spec17_xalancbmk_ref": 0.9229537515031845
 },
 "ipcp": {
  "spec06_astar_lakes": 0.45628611742889724,
  "spec06_gcc_166": 1.0694424167666916,
  "spec06_gcc_200": 1.1452537325849235,
  "spec06_gcc_c-typeck": 1.2594435029625466,
  "spec06_gcc_cp-decl": 1.2512662145298865,
  "spec06_gcc_expr2": 1.1951480059993294,
  "spec06_gcc_expr": 1.2790161900111274,
  "spec06_gcc_g23": 1.2372678937730122,
  "spec06_gcc_s04": 1.099011264192257,
  "spec06_gcc_scilab": 1.15583454438374,
  "spec06_mcf_ref": 0.2791840046381823,
  "spec06_omnetpp_ref": 0.564698460116774,
  "spec06_perlbench_diffmail": 2.1401098597285704,
  "spec06_soplex_pds": 0.7488632015437415,
  "spec06_xalancbmk_ref": 1.1267753611715121,
  "spec17_cactuBSSN_ref": 2.171774811513937,
  "spec17_gcc_pp-O2": 1.1211951703021743,
  "spec17_gcc_pp-O3": 1.1721783983832548,
  "spec17_gcc_ref32-O3": 1.04659134287211,
  "spec17_gcc_ref32-O5": 0.9461918239577711,
  "spec17_gcc_smaller": 1.1121336206333876,
  "spec17_mcf_ref": 0.700311612574251,
  "spec17_omnetpp_ref": 0.7726798443688977,
  "spec17_roms_ref": 2.297595255481029,
  "spec17_wrf_ref": 2.647188104952861,
  "spec17_xalancbmk_ref": 0.7812813818164541
 },
 "triage-l2": {
  "spec06_astar_lakes": 0.5532610298629108,
  "spec06_gcc_166": 1.0953387686376534,
  "spec06_gcc_200": 1.244497582244826,
  "spec06_gcc_c-typeck": 1.3430250096509802,
  "spec06_gcc_cp-decl": 1.5145718161089892,
  "spec06_gcc_expr2": 1.3218249811982152,
  "spec06_gcc_expr": 1.4169236774617882,
  "spec06_gcc_g23": 1.0390233318240873,
  "spec06_gcc_s04": 1.2257621514562018,
  "spec06_gcc_scilab": 1.1983350036474953,
  "spec06_mcf_ref": 0.3100774787279794,
  "spec06_omnetpp_ref": 0.8612398181594769,
  "spec06_perlbench_diffmail": 2.1547977978001165,
  "spec06_soplex_pds": 0.7402056885939804,
  "spec06_xalancbmk_ref": 1.3201870605425328,
  "spec17_cactuBSSN_ref": 2.0241022754690103,
  "spec17_gcc_pp-O2": 1.18676225711291,
  "spec17_gcc_pp-O3": 1.2024219714225612,
  "spec17_gcc_ref32-O3": 1.027803939853085,
  "spec17_gcc_ref32-O5": 0.9040721211049059,
  "spec17_gcc_smaller": 1.1810466104762567,
  "spec17_mcf_ref": 0.7604153214818967,
  "spec17_omnetpp_ref": 1.0605992046518906,
  "spec17_roms_ref": 2.109065939089449,
  "spec17_wrf_ref": 2.3919789178711666,
  "spec17_xalancbmk_ref": 1.0910276930751677
 },
 "triangel-l2": {
  "spec06_astar_lakes": 0.49900291608122277,
  "spec06_gcc_166": 1.1514992119234093,
  "spec06_gcc_200": 1.170175136293175,
  "spec06_gcc_c-typeck": 1.2887155238628287,
  "spec06_gcc_cp-decl": 1.471896316383025,
  "spec06_gcc_expr2": 1.2318854651042035,
  "spec06_gcc_expr": 1.3450779988868489,
  "spec06_gcc_g23": 1.052096702887575,
  "spec06_gcc_s04": 1.2609998419442845,
  "spec06_gcc_scilab": 1.165022175678312,
  "spec06_mcf_ref": 0.33969110829544974,
  "spec06_omnetpp_ref": 0.7360327382440353,
  "spec06_perlbench_diffmail": 2.1489027434832457,
  "spec06_soplex_pds": 0.706707149384699,
  "spec06_xalancbmk_ref": 1.2941488725055807,
  "spec17_cactuBSSN_ref": 1.9971860894571443,
  "spec17_gcc_pp-O2": 1.156425613534968,
  "spec17_gcc_pp-O3": 1.1763433365607756,
  "spec17_gcc_ref32-O3": 0.8989545276373586,
  "spec17_gcc_ref32-O5": 0.7591234363209007,
  "spec17_gcc_smaller": 1.1683499036291791,
  "spec17_mcf_ref": 0.8004387132039121,
  "spec17_omnetpp_ref": 0.8706591168805096,
  "spec17_roms_ref": 2.057804418374926,
  "spec17_wrf_ref": 2.239647549382685,
  "spec17_xalancbmk_ref": 1.0695654673477553
 },
 "catp-l2": {
  "spec06_astar_lakes": 0.5782206116641836,
  "spec06_gcc_166": 1.3077367299225229,
  "spec06_gcc_200": 1.240167209199403,
  "spec06_gcc_c-typeck": 1.3828140453728668,
  "spec06_gcc_cp-decl": 1.5328826157871922,
  "spec06_gcc_expr2": 1.328094995213171,
  "spec06_gcc_expr": 1.4434914508841323,
  "spec06_gcc_g23": 1.1501340495918202,
  "spec06_gcc_s04": 1.3490976365665288,
  "spec06_gcc_scilab": 1.1929886361275759,
  "spec06_mcf_ref": 0.3318683834083876,
  "spec06_omnetpp_ref": 0.9345667246076066,
  "spec06_perlbench_diffmail": 2.150660304361686,
  "spec06_soplex_pds": 0.7527067979076711,
  "spec06_xalancbmk_ref": 1.38624496704324,
  "spec17_cactuBSSN_ref": 2.0108069863220517,
  "spec17_gcc_pp-O2": 1.189963726287511,
  "spec17_gcc_pp-O3": 1.2038853163795358,
  "spec17_gcc_ref32-O3": 1.0233862312942945,
  "spec17_gcc_ref32-O5": 0.906990318566444,
  "spec17_gcc_smaller": 1.2009826147582219,
  "spec17_mcf_ref": 0.7529278207974255,
  "spec17_omnetpp_ref": 1.0265261703184463,
  "spec17_roms_ref": 2.1713585993735385,
  "spec17_wrf_ref": 2.413930864926838,
  "spec17_xalancbmk_ref": 1.16017204232363
 }
}