{
 "triage-l2": {
  "spec06_astar_lakes": {
   "L2C_pref_miss": 415577.10558162996,
   "L2C_pref_total_num": 795776.7647205101,
   "L2C_pref_useless_num": 47784.14619595,
   "L2C_pref_late_num": 55132.929825360006,
   "L2C_origin_miss": 972476.5921808801
  },
  "spec06_gcc_166": {
   "L2C_pref_miss": 353291.13945401006,
   "L2C_pref_total_num": 880854.02233529,
   "L2C_pref_useless_num": 13212.78371573,
   "L2C_pref_late_num": 137300.78042272,
   "L2C_origin_miss": 716649.65014813
  },
  "spec06_gcc_200": {
   "L2C_pref_miss": 109069.27099975,
   "L2C_pref_total_num": 148612.1067486,
   "L2C_pref_useless_num": 7649.31330945,
   "L2C_pref_late_num": 17897.912806,
   "L2C_origin_miss": 193382.89822945
  },
  "spec06_gcc_c-typeck": {
   "L2C_pref_miss": 174357.26146277,
   "L2C_pref_total_num": 356768.77987502,
   "L2C_pref_useless_num": 17011.92790346,
   "L2C_pref_late_num": 38633.70871263999,
   "L2C_origin_miss": 458122.54920786
  },
  "spec06_gcc_cp-decl": {
   "L2C_pref_miss": 123494.16033298,
   "L2C_pref_total_num": 279404.74663055,
   "L2C_pref_useless_num": 8326.054359849999,
   "L2C_pref_late_num": 14291.760647580002,
   "L2C_origin_miss": 273007.63122053
  },
  "spec06_gcc_expr2": {
   "L2C_pref_miss": 281769.69301403995,
   "L2C_pref_total_num": 551364.7027697599,
   "L2C_pref_useless_num": 20338.82595329,
   "L2C_pref_late_num": 69518.96267199,
   "L2C_origin_miss": 717290.01607252
  },
  "spec06_gcc_expr": {
   "L2C_pref_miss": 171659.12405297998,
   "L2C_pref_total_num": 346712.56961951003,
   "L2C_pref_useless_num": 10956.668981120001,
   "L2C_pref_late_num": 37921.100065329985,
   "L2C_origin_miss": 497368.43300536997
  },
  "spec06_gcc_g23": {
   "L2C_pref_miss": 395794.4740835401,
   "L2C_pref_total_num": 1062805.06876987,
   "L2C_pref_useless_num": 9385.6212524,
   "L2C_pref_late_num": 176252.20504095996,
   "L2C_origin_miss": 1180835.0688450001
  },
  "spec06_gcc_s04": {
   "L2C_pref_miss": 290584.05897902,
   "L2C_pref_total_num": 704433.6991092201,
   "L2C_pref_useless_num": 16025.68845222,
   "L2C_pref_late_num": 92966.01485461,
   "L2C_origin_miss": 748904.2280287499
  },
  "spec06_gcc_scilab": {
   "L2C_pref_miss": 70966.71330218,
   "L2C_pref_total_num": 82459.25519026001,
   "L2C_pref_useless_num": 5165.061696039999,
   "L2C_pref_late_num": 9569.34047014,
   "L2C_origin_miss": 111857.76861064
  },
  "spec06_mcf_ref": {
   "L2C_pref_miss": 3051556.9205434304,
   "L2C_pref_total_num": 5874529.373690399,
   "L2C_pref_useless_num": 955443.7847281499,
   "L2C_pref_late_num": 662353.8501278899,
   "L2C_origin_miss": 8558807.209306598
  },
  "spec06_omnetpp_ref": {
   "L2C_pref_miss": 876294.796332206,
   "L2C_pref_total_num": 2141000.606392318,
   "L2C_pref_useless_num": 169164.07548051394,
   "L2C_pref_late_num": 115319.64774886199,
   "L2C_origin_miss": 1796095.8924403703
  },
  "spec06_perlbench_diffmail": {
   "L2C_pref_miss": 1239.3728023200001,
   "L2C_pref_total_num": 2366.2949484299997,
   "L2C_pref_useless_num": 127.86956928999999,
   "L2C_pref_late_num": 71.29388528,
   "L2C_origin_miss": 3837.7064783899996
  },
  "spec06_soplex_pds": {
   "L2C_pref_miss": 1478856.48941386,
   "L2C_pref_total_num": 2394254.2650303403,
   "L2C_pref_useless_num": 189363.98185883998,
   "L2C_pref_late_num": 329420.7123263,
   "L2C_origin_miss": 3083143.3207976003
  },
  "spec06_xalancbmk_ref": {
   "L2C_pref_miss": 183486.07356414004,
   "L2C_pref_total_num": 1498833.2404619597,
   "L2C_pref_useless_num": 14280.60718575,
   "L2C_pref_late_num": 24439.459221539997,
   "L2C_origin_miss": 1008391.5657926203
  },
  "spec17_cactuBSSN_ref": {
   "L2C_pref_miss": 271451.14317824395,
   "L2C_pref_total_num": 169244.436920358,
   "L2C_pref_useless_num": 2458.879950601,
   "L2C_pref_late_num": 4274.590626982999,
   "L2C_origin_miss": 434889.51983122615
  },
  "spec17_gcc_pp-O2": {
   "L2C_pref_miss": 166434.15939195,
   "L2C_pref_total_num": 226223.11713676003,
   "L2C_pref_useless_num": 17982.79960881,
   "L2C_pref_late_num": 10574.725636709998,
   "L2C_origin_miss": 278222.3429590099
  },
  "spec17_gcc_pp-O3": {
   "L2C_pref_miss": 156448.40759096,
   "L2C_pref_total_num": 178507.3132386,
   "L2C_pref_useless_num": 15248.724039060004,
   "L2C_pref_late_num": 6156.55872083,
   "L2C_origin_miss": 248596.26905085
  },
  "spec17_gcc_ref32-O3": {
   "L2C_pref_miss": 499639.73051657993,
   "L2C_pref_total_num": 1045536.6691143,
   "L2C_pref_useless_num": 58706.37585147999,
   "L2C_pref_late_num": 43010.95548512,
   "L2C_origin_miss": 1115764.90319784
  },
  "spec17_gcc_ref32-O5": {
   "L2C_pref_miss": 495235.52994512994,
   "L2C_pref_total_num": 731428.6361049499,
   "L2C_pref_useless_num": 77945.06448239,
   "L2C_pref_late_num": 40219.23105432001,
   "L2C_origin_miss": 999279.6750671698
  },
  "spec17_gcc_smaller": {
   "L2C_pref_miss": 144392.45203602003,
   "L2C_pref_total_num": 292780.94388014,
   "L2C_pref_useless_num": 9998.190341160001,
   "L2C_pref_late_num": 23235.136112409997,
   "L2C_origin_miss": 690488.4754836
  },
  "spec17_mcf_ref": {
   "L2C_pref_miss": 639131.50420506,
   "L2C_pref_total_num": 727495.3907179199,
   "L2C_pref_useless_num": 158205.77243744003,
   "L2C_pref_late_num": 36598.13950648,
   "L2C_origin_miss": 3034815.6728335004
  },
  "spec17_omnetpp_ref": {
   "L2C_pref_miss": 479369.97058048,
   "L2C_pref_total_num": 1042455.473954689,
   "L2C_pref_useless_num": 141718.319539141,
   "L2C_pref_late_num": 64631.480608260994,
   "L2C_origin_miss": 906241.8779869679
  },
  "spec17_roms_ref": {
   "L2C_pref_miss": 184012.5055804,
   "L2C_pref_total_num": 507330.77864464,
   "L2C_pref_useless_num": 15513.524604709999,
   "L2C_pref_late_num": 10701.26027541,
   "L2C_origin_miss": 826467.7500371202
  },
  "spec17_wrf_ref": {
   "L2C_pref_miss": 92116.4782859,
   "L2C_pref_total_num": 273752.3117111,
   "L2C_pref_useless_num": 4846.9982625,
   "L2C_pref_late_num": 10957.1794851,
   "L2C_origin_miss": 449188.5697710001
  },
  "spec17_xalancbmk_ref": {
   "L2C_pref_miss": 169604.79112938998,
   "L2C_pref_total_num": 1130833.1963346403,
   "L2C_pref_useless_num": 13011.01103832,
   "L2C_pref_late_num": 14476.511281480003,
   "L2C_origin_miss": 763611.48053325
  }
 },
 "triangel-l2": {
  "spec06_astar_lakes": {
   "L2C_pref_miss": 693065.39414803,
   "L2C_pref_total_num": 9712.4256315,
   "L2C_pref_useless_num": 1162.928884,
   "L2C_pref_late_num": 445.39361299999996,
   "L2C_origin_miss": 972476.5921808801
  },
  "spec06_gcc_166": {
   "L2C_pref_miss": 304402.73649519996,
   "L2C_pref_total_num": 869777.67987764,
   "L2C_pref_useless_num": 14205.21900459,
   "L2C_pref_late_num": 105873.36779552001,
   "L2C_origin_miss": 716649.65014813
  },
  "spec06_gcc_200": {
   "L2C_pref_miss": 167907.4383736,
   "L2C_pref_total_num": 19296.26786365,
   "L2C_pref_useless_num": 784.2886785000001,
   "L2C_pref_late_num": 3763.0274744499998,
   "L2C_origin_miss": 193382.89822945
  },
  "spec06_gcc_c-typeck": {
   "L2C_pref_miss": 223944.77442285998,
   "L2C_pref_total_num": 130401.55540066,
   "L2C_pref_useless_num": 7887.679734379999,
   "L2C_pref_late_num": 14156.365672819997,
   "L2C_origin_miss": 458122.54920786
  },
  "spec06_gcc_cp-decl": {
   "L2C_pref_miss": 125441.72118256001,
   "L2C_pref_total_num": 150254.85117254,
   "L2C_pref_useless_num": 5469.308518239999,
   "L2C_pref_late_num": 4936.55524258,
   "L2C_origin_miss": 273007.63122053
  },
  "spec06_gcc_expr2": {
   "L2C_pref_miss": 346896.01084755996,
   "L2C_pref_total_num": 314845.01364039,
   "L2C_pref_useless_num": 16844.62731895,
   "L2C_pref_late_num": 36580.08008513,
   "L2C_origin_miss": 717290.01607252
  },
  "spec06_gcc_expr": {
   "L2C_pref_miss": 223500.78879067,
   "L2C_pref_total_num": 173298.4598722,
   "L2C_pref_useless_num": 9250.703881699998,
   "L2C_pref_late_num": 21696.3880588,
   "L2C_origin_miss": 497368.43300536997
  },
  "spec06_gcc_g23": {
   "L2C_pref_miss": 408091.9091421099,
   "L2C_pref_total_num": 1045969.28084998,
   "L2C_pref_useless_num": 53554.875867,